<?xml version="1.0" encoding="UTF-8" standalone="yes"?>
<mqttMachineAdapterConfig>
    <name>MQTT nodes</name>
    <description>MQTT nodes and subscriptions</description>
 
    <dataNodeConfigs>
              <dataNode name="Node-1" topic="TestTopic1" qos="0" description="TestTopic 1 with Qos 0" />
              <dataNode name="Node-2" topic="TestTopic2" qos="1" description="TestTopic 2 with Qos 1" />
              <dataNode name="Node-3" topic="TestTopic3" qos="2" description="TestTopic 3 with Qos 2" />
    </dataNodeConfigs>
 
    <dataSubscriptionConfigs>
        <dataSubscriptionConfig name="Analytics Subscription">
            <nodeName>Node-1</nodeName>
            <nodeName>Node-2</nodeName>
        </dataSubscriptionConfig>
    </dataSubscriptionConfigs>
 
 </mqttMachineAdapterConfig>